{
  "project_info": {
    "project_number": "1014761899239",
    "project_id": "adbot-e581f",
    "storage_bucket": "adbot-e581f.appspot.com"
  },
  "client": [
    {
      "client_info": {
        "mobilesdk_app_id": "1:1014761899239:android:7dfd4f2ad9b2c2dcb5ce42",
        "android_client_info": {
          "package_name": "net.appdevsx.adbot"
        }
      },
      "oauth_client": [
        {
          "client_id": "1014761899239-0rtho0nu0f4tvtd8q7mc1140heq8p1s1.apps.googleusercontent.com",
          "client_type": 1,
          "android_info": {
            "package_name": "net.appdevsx.adbot",
            "certificate_hash": "9e86091e7bf41b690edd7689f1d189c3080570fa"
          }
        },
        {
          "client_id": "1014761899239-4t1vll8ncje2kdi6ecmuin7tvc6t6urm.apps.googleusercontent.com",
          "client_type": 1,
          "android_info": {
            "package_name": "net.appdevsx.adbot",
            "certificate_hash": "d8ef203158601663fe716a40810180415ebbf853"
          }
        },
        {
          "client_id": "1014761899239-hha01q3foe0jr0d54govn5tpii34r621.apps.googleusercontent.com",
          "client_type": 3
        }
      ],
      "api_key": [
        {
          "current_key": "AIzaSyCuz60NomszowBIOp5s5tmGHK5unJ67ngI"
        }
      ],
      "services": {
        "appinvite_service": {
          "other_platform_oauth_client": [
            {
              "client_id": "1014761899239-gu2j2a1916qfts3md976che4u6ta6tv5.apps.googleusercontent.com",
              "client_type": 3
            },
            {
              "client_id": "1014761899239-317gii6opb3ku0tgbp7qi8vp5orir0ta.apps.googleusercontent.com",
              "client_type": 2,
              "ios_info": {
                "bundle_id": "net.appdevsx.adbot"
              }
            }
          ]
        }
      }
    }
  ],
  "configuration_version": "1"
}